MONGDUONG1_531_ES38,MONGDUONG1.DI.MONGDUONG1_531_ES38
MONGDUONG1_531_DS3,MONGDUONG1.DI.MONGDUONG1_531_DS3
MONGDUONG1_531_DS8,MONGDUONG1.DI.MONGDUONG1_531_DS8
MONGDUONG1_531_CB,MONGDUONG1.DI.MONGDUONG1_531_CB
MONGDUONG1_531_DS2,MONGDUONG1.DI.MONGDUONG1_531_DS2
MONGDUONG1_561_DS8,MONGDUONG1.DI.MONGDUONG1_561_DS8
MONGDUONG1_561_CB,MONGDUONG1.DI.MONGDUONG1_561_CB
MONGDUONG1_561_DS6,MONGDUONG1.DI.MONGDUONG1_561_DS6
MONGDUONG1_571_DS1,MONGDUONG1.DI.MONGDUONG1_571_DS1
MONGDUONG1_571_CB,MONGDUONG1.DI.MONGDUONG1_571_CB
MONGDUONG1_571_DS6,MONGDUONG1.DI.MONGDUONG1_571_DS6
MONGDUONG1_571_ES76,MONGDUONG1.DI.MONGDUONG1_571_ES76
MONGDUONG1_571_DS7,MONGDUONG1.DI.MONGDUONG1_571_DS7
MONGDUONG1_532_ES38,MONGDUONG1.DI.MONGDUONG1_532_ES38
MONGDUONG1_532_DS3,MONGDUONG1.DI.MONGDUONG1_532_DS3
MONGDUONG1_532_DS8,MONGDUONG1.DI.MONGDUONG1_532_DS8
MONGDUONG1_532_CB,MONGDUONG1.DI.MONGDUONG1_532_CB
MONGDUONG1_532_DS2,MONGDUONG1.DI.MONGDUONG1_532_DS2
MONGDUONG1_562_DS8,MONGDUONG1.DI.MONGDUONG1_562_DS8
MONGDUONG1_562_CB,MONGDUONG1.DI.MONGDUONG1_562_CB
MONGDUONG1_562_DS6,MONGDUONG1.DI.MONGDUONG1_562_DS6
MONGDUONG1_572_DS1,MONGDUONG1.DI.MONGDUONG1_572_DS1
MONGDUONG1_572_CB,MONGDUONG1.DI.MONGDUONG1_572_CB
MONGDUONG1_572_DS6,MONGDUONG1.DI.MONGDUONG1_572_DS6
MONGDUONG1_572_ES76,MONGDUONG1.DI.MONGDUONG1_572_ES76
MONGDUONG1_572_DS7,MONGDUONG1.DI.MONGDUONG1_572_DS7
MONGDUONG1_573_ES76,MONGDUONG1.DI.MONGDUONG1_573_ES76
MONGDUONG1_573_DS7,MONGDUONG1.DI.MONGDUONG1_573_DS7
MONGDUONG1_573_DS6,MONGDUONG1.DI.MONGDUONG1_573_DS6
MONGDUONG1_573_CB,MONGDUONG1.DI.MONGDUONG1_573_CB
MONGDUONG1_573_DS1,MONGDUONG1.DI.MONGDUONG1_573_DS1
MONGDUONG1_563_DS6,MONGDUONG1.DI.MONGDUONG1_563_DS6
MONGDUONG1_563_CB,MONGDUONG1.DI.MONGDUONG1_563_CB
MONGDUONG1_563_DS8,MONGDUONG1.DI.MONGDUONG1_563_DS8
MONGDUONG1_583_DS2,MONGDUONG1.DI.MONGDUONG1_583_DS2
MONGDUONG1_583_CB,MONGDUONG1.DI.MONGDUONG1_583_CB
MONGDUONG1_583_DS8,MONGDUONG1.DI.MONGDUONG1_583_DS8
MONGDUONG1_583_ES76,MONGDUONG1.DI.MONGDUONG1_583_ES76
MONGDUONG1_583_DS7,MONGDUONG1.DI.MONGDUONG1_583_DS7
MONGDUONG1_131_DS1,MONGDUONG1.DI.MONGDUONG1_131_DS1
MONGDUONG1_131_DS2,MONGDUONG1.DI.MONGDUONG1_131_DS2
MONGDUONG1_131_ES25,MONGDUONG1.DI.MONGDUONG1_131_ES25
MONGDUONG1_131_CB,MONGDUONG1.DI.MONGDUONG1_131_CB
MONGDUONG1_131_ES35,MONGDUONG1.DI.MONGDUONG1_131_ES35
MONGDUONG1_131_DS3,MONGDUONG1.DI.MONGDUONG1_131_DS3
MONGDUONG1_131_ES38,MONGDUONG1.DI.MONGDUONG1_131_ES38
MONGDUONG1_112_ES14,MONGDUONG1.DI.MONGDUONG1_112_ES14
MONGDUONG1_112_DS1,MONGDUONG1.DI.MONGDUONG1_112_DS1
MONGDUONG1_112_ES15,MONGDUONG1.DI.MONGDUONG1_112_ES15
MONGDUONG1_112_CB,MONGDUONG1.DI.MONGDUONG1_112_CB
MONGDUONG1_112_ES25,MONGDUONG1.DI.MONGDUONG1_112_ES25
MONGDUONG1_112_DS2,MONGDUONG1.DI.MONGDUONG1_112_DS2
MONGDUONG1_112_ES24,MONGDUONG1.DI.MONGDUONG1_112_ES24
MONGDUONG1_171_DS1,MONGDUONG1.DI.MONGDUONG1_171_DS1
MONGDUONG1_171_DS2,MONGDUONG1.DI.MONGDUONG1_171_DS2
MONGDUONG1_171_ES25,MONGDUONG1.DI.MONGDUONG1_171_ES25
MONGDUONG1_171_CB,MONGDUONG1.DI.MONGDUONG1_171_CB
MONGDUONG1_171_ES75,MONGDUONG1.DI.MONGDUONG1_171_ES75
MONGDUONG1_171_DS7,MONGDUONG1.DI.MONGDUONG1_171_DS7
MONGDUONG1_171_ES76,MONGDUONG1.DI.MONGDUONG1_171_ES76
MONGDUONG1_172_DS1,MONGDUONG1.DI.MONGDUONG1_172_DS1
MONGDUONG1_172_DS2,MONGDUONG1.DI.MONGDUONG1_172_DS2
MONGDUONG1_172_ES25,MONGDUONG1.DI.MONGDUONG1_172_ES25
MONGDUONG1_172_CB,MONGDUONG1.DI.MONGDUONG1_172_CB
MONGDUONG1_172_ES75,MONGDUONG1.DI.MONGDUONG1_172_ES75
MONGDUONG1_172_DS7,MONGDUONG1.DI.MONGDUONG1_172_DS7
MONGDUONG1_172_ES76,MONGDUONG1.DI.MONGDUONG1_172_ES76
MONGDUONG1_132_DS1,MONGDUONG1.DI.MONGDUONG1_132_DS1
MONGDUONG1_132_DS2,MONGDUONG1.DI.MONGDUONG1_132_DS2
MONGDUONG1_132_ES25,MONGDUONG1.DI.MONGDUONG1_132_ES25
MONGDUONG1_132_CB,MONGDUONG1.DI.MONGDUONG1_132_CB
MONGDUONG1_132_ES35,MONGDUONG1.DI.MONGDUONG1_132_ES35
MONGDUONG1_132_DS3,MONGDUONG1.DI.MONGDUONG1_132_DS3
MONGDUONG1_132_ES38,MONGDUONG1.DI.MONGDUONG1_132_ES38
MONGDUONG1_901_CB,MONGDUONG1.DI.MONGDUONG1_901_CB
MONGDUONG1_901_DS3,MONGDUONG1.DI.MONGDUONG1_901_DS3
MONGDUONG1_901_ES5,MONGDUONG1.DI.MONGDUONG1_901_ES5
MONGDUONG1_901_ES38,MONGDUONG1.DI.MONGDUONG1_901_ES38
MONGDUONG1_902_CB,MONGDUONG1.DI.MONGDUONG1_902_CB
MONGDUONG1_902_DS3,MONGDUONG1.DI.MONGDUONG1_902_DS3
MONGDUONG1_902_ES5,MONGDUONG1.DI.MONGDUONG1_902_ES5
MONGDUONG1_902_ES38,MONGDUONG1.DI.MONGDUONG1_902_ES38
MONGDUONG1_131_ES8,MONGDUONG1.DI.MONGDUONG1_131_ES8
MONGDUONG1_931_CB,MONGDUONG1.DI.MONGDUONG1_931_CB
MONGDUONG1_932_CB,MONGDUONG1.DI.MONGDUONG1_932_CB
MONGDUONG1_941A_ES38,MONGDUONG1.DI.MONGDUONG1_941A_ES38
MONGDUONG1_941B_ES38,MONGDUONG1.DI.MONGDUONG1_941B_ES38
MONGDUONG1_941A_CB,MONGDUONG1.DI.MONGDUONG1_941A_CB
MONGDUONG1_941B_CB,MONGDUONG1.DI.MONGDUONG1_941B_CB
MONGDUONG1_942A_ES38,MONGDUONG1.DI.MONGDUONG1_942A_ES38
MONGDUONG1_942B_ES38,MONGDUONG1.DI.MONGDUONG1_942B_ES38
MONGDUONG1_942A_CB,MONGDUONG1.DI.MONGDUONG1_942A_CB
MONGDUONG1_942B_CB,MONGDUONG1.DI.MONGDUONG1_942B_CB
VINHTAN2_641_CB,VINHTAN2.DI.VINHTAN2_641_CB
VINHTAN2_642_CB,VINHTAN2.DI.VINHTAN2_642_CB
VINHTAN2_643_CB,VINHTAN2.DI.VINHTAN2_643_CB
VINHTAN2_644_CB,VINHTAN2.DI.VINHTAN2_644_CB
VINHTAN2_645_CB,VINHTAN2.DI.VINHTAN2_645_CB
VINHTAN2_646_CB,VINHTAN2.DI.VINHTAN2_646_CB
VINHTAN2_671_CB,VINHTAN2.DI.VINHTAN2_671_CB
VINHTAN2_672_CB,VINHTAN2.DI.VINHTAN2_672_CB
VINHTAN2_673_CB,VINHTAN2.DI.VINHTAN2_673_CB
VINHTAN2_674_CB,VINHTAN2.DI.VINHTAN2_674_CB
VINHTAN2_675_CB,VINHTAN2.DI.VINHTAN2_675_CB
VINHTAN2_676_CB,VINHTAN2.DI.VINHTAN2_676_CB
VINHTAN2_901_CB,VINHTAN2.DI.VINHTAN2_901_CB
VINHTAN2_901_DS3,VINHTAN2.DI.VINHTAN2_901_DS3
VINHTAN2_901_ES05,VINHTAN2.DI.VINHTAN2_901_ES05
VINHTAN2_901_ES38,VINHTAN2.DI.VINHTAN2_901_ES38
VINHTAN2_902_CB,VINHTAN2.DI.VINHTAN2_902_CB
VINHTAN2_902_DS3,VINHTAN2.DI.VINHTAN2_902_DS3
VINHTAN2_902_ES05,VINHTAN2.DI.VINHTAN2_902_ES05
VINHTAN2_902_ES38,VINHTAN2.DI.VINHTAN2_902_ES38
